fieldId,date,mean
cover_field,2020-04-14,0.21202657541256156
ref_field,2020-04-14,0.15618419814450668
cover_field,2020-04-19,0.21972454834280483
ref_field,2020-04-19,0.15711277419567365
cover_field,2020-04-29,0.2669773214283141
ref_field,2020-04-29,0.15582955569203596
cover_field,2020-05-02,0.34457290747012065
ref_field,2020-05-02,0.18776818721612085
cover_field,2020-05-04,0.3281234973564899
ref_field,2020-05-04,0.17701785662998296
cover_field,2020-05-07,0.40538550174418253
ref_field,2020-05-07,0.19585061054169572
cover_field,2020-05-14,0.44731574686662223
ref_field,2020-05-14,0.21776471070030448
cover_field,2020-05-19,0.46295077930836953
ref_field,2020-05-19,0.20002851893963405
cover_field,2020-05-22,0.5084970256189385
ref_field,2020-05-22,0.20132598775703228
cover_field,2020-05-27,0.550134643033701
ref_field,2020-05-27,0.21938761688958272
cover_field,2020-06-01,0.5130514722066584
ref_field,2020-06-01,0.21135698578026899
cover_field,2020-06-11,0.42943241558504486
ref_field,2020-06-11,0.2425165824697405
cover_field,2020-06-21,0.35783067274563424
ref_field,2020-06-21,0.3474220748896176
cover_field,2020-06-23,0.4291089036728011
ref_field,2020-06-23,0.35611964807389057
cover_field,2020-06-26,0.4337867121403038
ref_field,2020-06-26,0.39079223682432246
cover_field,2020-07-01,0.5175592952944742
ref_field,2020-07-01,0.5390441662041968
cover_field,2020-07-03,0.5105382659267709
ref_field,2020-07-03,0.5165419007394387
cover_field,2020-07-06,0.5742379263614767
ref_field,2020-07-06,0.5871036019459626
cover_field,2020-07-08,0.594072671607031
ref_field,2020-07-08,0.6757407542923479
cover_field,2020-07-11,0.6319602476675001
ref_field,2020-07-11,0.6753966305120668
cover_field,2020-07-13,0.6174799887791887
ref_field,2020-07-13,0.6766589636368912
cover_field,2020-07-16,0.6293542067640798
ref_field,2020-07-16,0.6939475386771008
cover_field,2020-07-18,0.6778588614996426
ref_field,2020-07-18,0.7559174785647718
cover_field,2020-07-21,0.6444306235089117
ref_field,2020-07-21,0.7676724763916936
cover_field,2020-07-26,0.6431918029345107
ref_field,2020-07-26,0.7892732404579351
cover_field,2020-07-28,0.6128116076037475
ref_field,2020-07-28,0.7660827023113622
cover_field,2020-08-02,0.5351535677449019
ref_field,2020-08-02,0.6538358364162672
cover_field,2020-08-05,0.46115440402519753
ref_field,2020-08-05,0.7358482226927333
cover_field,2020-08-07,0.43839637067889475
ref_field,2020-08-07,0.6953854650046674
cover_field,2020-08-10,0.4122715442141399
ref_field,2020-08-10,0.5733365458640449
cover_field,2020-08-15,0.3653999073514673
ref_field,2020-08-15,0.5085863635598071
cover_field,2020-08-17,0.32847890386607276
ref_field,2020-08-17,0.35861007900760755
cover_field,2020-08-20,0.3116752607351101
ref_field,2020-08-20,0.31858971377893663
cover_field,2020-08-22,0.25550901625996925
ref_field,2020-08-22,0.2627708971608778
cover_field,2020-08-25,0.29927277392638646
ref_field,2020-08-25,0.2732895115009445
cover_field,2020-08-30,0.29433938107082896
ref_field,2020-08-30,0.2625519558909543
cover_field,2020-09-01,0.29776652437447004
ref_field,2020-09-01,0.2580554998263409
cover_field,2020-09-04,0.29729679060432923
ref_field,2020-09-04,0.25391561142209795
cover_field,2020-09-09,0.2667115798984905
ref_field,2020-09-09,0.22950300716050479
cover_field,2020-09-11,0.2711171710289838
ref_field,2020-09-11,0.2284669661335323
cover_field,2020-09-21,0.2656774405186442
ref_field,2020-09-21,0.21345780431387099
ref_field,2020-09-26,0.14440472294446252
cover_field,2020-10-04,0.22103064052341437
ref_field,2020-10-04,0.18331688387379702
cover_field,2020-10-06,0.19207212856703137
ref_field,2020-10-06,0.1635050640844854
cover_field,2020-10-09,0.14201502905803265
ref_field,2020-10-09,0.12645680081740812
cover_field,2020-10-14,0.2591567254567199
ref_field,2020-10-14,0.2052176994235578
cover_field,2020-10-19,0.034220509633566536
ref_field,2020-10-19,0.011300936562200924
cover_field,2020-10-21,0.029385293480129002
ref_field,2020-10-21,0.024170464454221222
cover_field,2020-11-03,0.2511330993640525
ref_field,2020-11-03,0.19153908720070373
cover_field,2020-11-13,-0.009203579592181432
ref_field,2020-11-13,-0.00894962024991571
cover_field,2020-11-20,0.0038275996919247715
ref_field,2020-11-20,-1.463501052178626E-4
cover_field,2020-11-28,-0.01631223194871558
ref_field,2020-11-28,-0.02190938151027884
cover_field,2020-11-30,0.014275254445121835
ref_field,2020-11-30,0.016320380428862583
cover_field,2020-12-03,0.0030313253487995514
ref_field,2020-12-03,0.006454622522633983
cover_field,2020-12-05,0.009707322306138223
ref_field,2020-12-05,0.015350721292226152
cover_field,2020-12-10,0.004420245777228379
ref_field,2020-12-10,-0.004452211572204521
cover_field,2020-12-15,0.0425091587885685
ref_field,2020-12-15,0.03698373901889023
cover_field,2020-12-18,0.05141512822670027
ref_field,2020-12-18,0.05492156173182974
cover_field,2020-12-20,0.1487320556300003
ref_field,2020-12-20,0.12461191361994858
cover_field,2020-12-23,0.028747284644712674
ref_field,2020-12-23,0.029048716136762215
cover_field,2020-12-28,0.02595955033563175
ref_field,2020-12-28,0.030081042801379302
cover_field,2021-01-04,0.056536018654887346
ref_field,2021-01-04,0.09912444349863211
cover_field,2021-01-09,0.053819509470065696
ref_field,2021-01-09,0.08575661349511356
cover_field,2021-01-14,0.035428681266616975
ref_field,2021-01-14,0.05508908213760585
cover_field,2021-01-19,0.012882750251255123
ref_field,2021-01-19,0.013925601202459637
cover_field,2021-02-18,0.0318171862642426
ref_field,2021-02-18,0.03002975902292271
cover_field,2021-02-21,0.031127311819332572
ref_field,2021-02-21,0.04629026865587248
cover_field,2021-02-26,-0.02431658014578426
ref_field,2021-02-26,-0.026561941753481665
cover_field,2021-03-03,0.1702594722692018
ref_field,2021-03-03,0.13758770827301858
cover_field,2021-03-13,0.17665253384700785
ref_field,2021-03-13,0.15234963317391342
cover_field,2021-03-18,0.1803888270917545
ref_field,2021-03-18,0.1504366630387755
cover_field,2021-04-02,0.1913451460862818
ref_field,2021-04-02,0.14091378502012405
cover_field,2021-04-07,0.21729754441799629
ref_field,2021-04-07,0.14109560726649167
cover_field,2021-04-09,0.23879127958364194
ref_field,2021-04-09,0.15956719691667412
cover_field,2021-04-22,0.3102903398543392
ref_field,2021-04-22,0.15679822326106807
cover_field,2021-04-24,0.23066207415182408
ref_field,2021-04-24,0.143104305635879
cover_field,2021-04-27,0.3177853367384149
ref_field,2021-04-27,0.1412417574795598
cover_field,2021-05-09,0.35875905517625206
ref_field,2021-05-09,0.17131557624212068
cover_field,2021-05-17,0.3523200685024992
ref_field,2021-05-17,0.17668445598397226
cover_field,2021-05-19,0.3276956048606233
ref_field,2021-05-19,0.18327918887088998
cover_field,2021-05-27,0.3824485753057148
ref_field,2021-05-27,0.19862004286756213
cover_field,2021-06-01,0.3402979907220284
ref_field,2021-06-01,0.17799257612154631
cover_field,2021-06-03,0.40404934373206564
ref_field,2021-06-03,0.20415658450472057
cover_field,2021-06-06,0.43247619264322473
ref_field,2021-06-06,0.2551896076274431
cover_field,2021-06-13,0.44878499314075987
ref_field,2021-06-13,0.3195602314905876
cover_field,2021-06-16,0.4708622105310063
ref_field,2021-06-16,0.41388179170218997
cover_field,2021-06-21,0.420258748468363
ref_field,2021-06-21,0.4524023807940644
cover_field,2021-06-26,0.4106240885946397
ref_field,2021-06-26,0.5074891117127288
cover_field,2021-06-28,0.3692835525039954
ref_field,2021-06-28,0.5223251564387461
cover_field,2021-07-01,0.35194171161148813
ref_field,2021-07-01,0.5043144877332856
cover_field,2021-07-03,0.3457991496214545
cover_field,2021-07-11,0.29699426230166986
ref_field,2021-07-11,0.3915154248831672
cover_field,2021-07-16,0.2850178615963951
ref_field,2021-07-16,0.35272397208535405
cover_field,2021-07-18,0.2942088136534477
ref_field,2021-07-18,0.3702846733243642
cover_field,2021-07-21,0.2333135551772864
ref_field,2021-07-21,0.26756457553780166
cover_field,2021-07-23,0.2526787113267262
ref_field,2021-07-23,0.28330519861692527
cover_field,2021-07-26,0.2215045785087691
ref_field,2021-07-26,0.24622169791942008
cover_field,2021-07-31,0.21800796968095199
ref_field,2021-07-31,0.23092762130935338
cover_field,2021-08-02,0.22866551452800823
ref_field,2021-08-02,0.23208045873885874
cover_field,2021-08-05,0.2043637482865549
ref_field,2021-08-05,0.20383629035385126
cover_field,2021-08-07,0.08524704234615152
ref_field,2021-08-07,0.10352811627148926
cover_field,2021-08-12,0.21856804972771046
ref_field,2021-08-12,0.19299478511035603
cover_field,2021-08-15,0.08461079471810762
ref_field,2021-08-15,0.10251145440991713
cover_field,2021-08-25,0.37720430865256493
ref_field,2021-08-25,0.1973366932839636
cover_field,2021-08-30,0.41689573425951937
ref_field,2021-08-30,0.19811335368726593
cover_field,2021-09-01,0.4974514824711925
ref_field,2021-09-01,0.1782364455130205
cover_field,2021-09-04,0.4908638701323742
ref_field,2021-09-04,0.20286544954627478
cover_field,2021-09-06,0.4965123673180995
ref_field,2021-09-06,0.2026173133318599
cover_field,2021-09-09,0.5858353800855285
ref_field,2021-09-09,0.22791406901212952
cover_field,2021-09-14,0.5400250678793821
ref_field,2021-09-14,0.22586619866498753
cover_field,2021-09-16,0.5473900153353728
ref_field,2021-09-16,0.2440010356040603
cover_field,2021-09-21,0.5159375610622178
ref_field,2021-09-21,0.23696369119786115
cover_field,2021-09-24,0.5050191051949754
ref_field,2021-09-24,0.24422690307320108
cover_field,2021-09-26,0.45417314672904735
ref_field,2021-09-26,0.22166272287455308
cover_field,2021-09-29,0.4538249288549929
ref_field,2021-09-29,0.22384934938374607
cover_field,2021-10-01,0.4362125729276628
ref_field,2021-10-01,0.21910707234893984
cover_field,2021-10-04,0.42214181775187654
ref_field,2021-10-04,0.2073915509388922
cover_field,2021-10-09,0.4001958551548629
ref_field,2021-10-09,0.18828258401770734
cover_field,2021-10-16,0.40604171652109816
ref_field,2021-10-16,0.21217675948748876
cover_field,2021-10-19,0.40543762981516557
ref_field,2021-10-19,0.20738639444996154
ref_field,2021-10-29,0.1687255402905099
cover_field,2021-10-31,0.38699145391995377
ref_field,2021-10-31,0.2170408415019738
cover_field,2021-11-03,0.374778779684068
ref_field,2021-11-03,0.20744679602452396
cover_field,2021-11-05,0.35373845914129787
ref_field,2021-11-05,0.19431509451728476
cover_field,2021-11-08,0.3466046828360301
ref_field,2021-11-08,0.1962834024076713
cover_field,2021-11-10,0.3003316173629715
ref_field,2021-11-10,0.18473334081856865
cover_field,2021-11-20,0.07952376599630177
ref_field,2021-11-20,0.03173392624898432
cover_field,2021-11-23,0.23965309063247506
ref_field,2021-11-23,0.09958708653322619
cover_field,2021-12-03,0.14878457922500127
ref_field,2021-12-03,0.10932118156472859
cover_field,2021-12-08,-0.005795431396086141
ref_field,2021-12-08,-0.005096342974818175
cover_field,2021-12-10,0.025101878745600985
ref_field,2021-12-10,0.0229157452432696
cover_field,2022-01-02,-0.07566012206310685
ref_field,2022-01-02,-0.05471070335414775
cover_field,2022-01-07,-0.019382858637379628
ref_field,2022-01-07,-0.012197231114486316
cover_field,2022-01-09,0.004032568262010465
ref_field,2022-01-09,-0.003068928104941096
cover_field,2022-01-29,-0.0025952475811305913
ref_field,2022-01-29,-0.015069313479979963
cover_field,2022-02-03,0.018800358207582808
ref_field,2022-02-03,0.004612836982116043
cover_field,2022-02-11,0.05765915421088531
ref_field,2022-02-11,0.022226116773364266
cover_field,2022-02-13,0.13297967226905905
ref_field,2022-02-13,0.07313379363980453
cover_field,2022-02-26,-0.009313484524959243
ref_field,2022-02-26,-0.008874064083709832
cover_field,2022-03-15,-0.0624108941585508
ref_field,2022-03-15,-0.07188506504771214
cover_field,2022-03-18,0.0988468659811715
ref_field,2022-03-18,0.0882683493331922
cover_field,2022-03-25,0.2125430538922954
ref_field,2022-03-25,0.16195042024457562
cover_field,2022-03-30,0.20989131254737364
ref_field,2022-03-30,0.14974205636438875
cover_field,2022-04-07,0.2625054441605679
ref_field,2022-04-07,0.1576016538725293
cover_field,2022-04-09,0.20613616162823992
ref_field,2022-04-09,0.12043642239081688
cover_field,2022-04-24,0.24611832832636904
ref_field,2022-04-24,0.14029421180560817
cover_field,2022-05-02,0.3129661583354589
ref_field,2022-05-02,0.13004037043067526
cover_field,2022-05-14,0.36455184461521134
ref_field,2022-05-14,0.21452326004511243
cover_field,2022-05-17,0.3996120929760387
ref_field,2022-05-17,0.18676548639865598
cover_field,2022-05-24,0.452215267063697
ref_field,2022-05-24,0.2035276298725455
cover_field,2022-06-01,0.4792663867207332
cover_field,2022-06-03,0.46060849144895166
ref_field,2022-06-03,0.21621197959953936
ref_field,2022-06-08,0.21422919641015084
cover_field,2022-06-18,0.4645656601704519
ref_field,2022-06-18,0.28572407951736967
cover_field,2022-06-23,0.4199104442440038
ref_field,2022-06-23,0.3457859749400061
cover_field,2022-06-26,0.4366796074710824
ref_field,2022-06-26,0.41704163307970105
cover_field,2022-06-28,0.40555534233091994
ref_field,2022-06-28,0.406535862897485
cover_field,2022-07-01,0.15036318459169518
ref_field,2022-07-01,0.3240842524997113
cover_field,2022-07-06,0.3290295229309218
ref_field,2022-07-06,0.548298455404305
cover_field,2022-07-08,0.3112798630614486
ref_field,2022-07-08,0.5617961179056317
cover_field,2022-07-11,0.3283707663959524
ref_field,2022-07-11,0.6129054155919613
cover_field,2022-07-13,0.3262638898596467
ref_field,2022-07-13,0.601116395672194
cover_field,2022-07-16,0.30585740638604314
ref_field,2022-07-16,0.6023408768842459
cover_field,2022-07-21,0.3150888221155082
ref_field,2022-07-21,0.6364428874693756
cover_field,2022-07-23,0.38885842240286855
ref_field,2022-07-23,0.6340540710387513
cover_field,2022-07-26,0.3270501311750976
ref_field,2022-07-26,0.6480759240849641
cover_field,2022-07-28,0.2874472530378785
ref_field,2022-07-28,0.6050489716413758
cover_field,2022-07-31,0.2927539769583071
ref_field,2022-07-31,0.6266264739867137
cover_field,2022-08-02,0.28428054811241615
ref_field,2022-08-02,0.5509389925243521
cover_field,2022-08-05,0.2823622412647186
ref_field,2022-08-05,0.5416392801373672
cover_field,2022-08-07,0.2565592109656078
ref_field,2022-08-07,0.4770574221248028
cover_field,2022-08-12,0.24508743845331069
ref_field,2022-08-12,0.34606276259931457
cover_field,2022-08-15,0.239043904856869
ref_field,2022-08-15,0.2880710044379375
cover_field,2022-08-20,0.22216738991274942
ref_field,2022-08-20,0.2642461347732122
cover_field,2022-08-25,0.19890217767064386
ref_field,2022-08-25,0.2257539529197625
cover_field,2022-08-27,0.2146486681676025
ref_field,2022-08-27,0.2371590860999157
cover_field,2022-08-30,0.20177086731873742
ref_field,2022-08-30,0.23109652586590795
cover_field,2022-09-01,0.17119414986860926
ref_field,2022-09-01,0.21445506408833898
cover_field,2022-09-06,0.17854426881821223
ref_field,2022-09-06,0.19218586588846
cover_field,2022-09-11,0.1979017952531572
ref_field,2022-09-11,0.20717627926985538
cover_field,2022-09-19,0.1793289027564426
ref_field,2022-09-19,0.18574605231038419
cover_field,2022-09-21,0.20560310363331216
ref_field,2022-09-21,0.2103412449742943
cover_field,2022-09-26,0.18069260017842512
ref_field,2022-09-26,0.18896319776801204
cover_field,2022-10-04,0.17251861959467085
ref_field,2022-10-04,0.16874614882499264
cover_field,2022-10-06,0.20257200634026679
ref_field,2022-10-06,0.20142095956057024
cover_field,2022-10-11,0.1878125253804747
ref_field,2022-10-11,0.18555774535190914
cover_field,2022-10-19,0.11884635868019044
ref_field,2022-10-19,0.11576301062158002
cover_field,2022-10-26,-0.00865505384665722
ref_field,2022-10-26,-0.0012688699554310712
cover_field,2022-10-29,0.18112270709421022
ref_field,2022-10-29,0.14255315285519132
cover_field,2022-12-08,-0.004271478543329277
ref_field,2022-12-08,0.005863659999228835
cover_field,2022-12-23,0.004115605770804787
ref_field,2022-12-23,0.008703241794241067
cover_field,2022-12-30,-0.003592868145362804
ref_field,2022-12-30,0.011813071466274538
cover_field,2023-01-02,-0.015684811412875855
ref_field,2023-01-02,0.007784610061901005
cover_field,2023-01-04,-0.016145213356780836
ref_field,2023-01-04,0.003069100323322561
cover_field,2023-01-07,-0.01206064276604113
ref_field,2023-01-07,0.013393935137375945
cover_field,2023-01-09,-0.016620936789774866
ref_field,2023-01-09,0.013368440325136349
cover_field,2023-01-12,-0.018579522237275135
ref_field,2023-01-12,0.005026518791563708
cover_field,2023-01-19,0.016802495222269075
ref_field,2023-01-19,0.022374147500042997
cover_field,2023-02-01,-0.005229710807192131
ref_field,2023-02-01,-2.6227660096166664E-4
cover_field,2023-02-06,0.03873147415269056
ref_field,2023-02-06,0.09041381077243989
cover_field,2023-02-08,0.06464155169560995
ref_field,2023-02-08,0.1035927238671607
cover_field,2023-02-16,0.0067680114467730795
ref_field,2023-02-16,0.012140700770430059
cover_field,2023-02-26,0.015712563369760315
ref_field,2023-02-26,0.03391992766509563
cover_field,2023-03-05,-0.016654871748026698
ref_field,2023-03-05,0.024197388613736295
cover_field,2023-03-13,-0.02110577256182682
ref_field,2023-03-13,-0.015672877386879107
cover_field,2023-03-23,-0.007609556723778807
ref_field,2023-03-23,0.025207804601728966
cover_field,2023-03-25,0.005620515523371462
ref_field,2023-03-25,0.11924729574526248
cover_field,2023-03-28,-0.0163999973427477
ref_field,2023-03-28,0.030668990253023196
cover_field,2023-03-30,-0.008615319832046978
ref_field,2023-03-30,0.021259343319628587
cover_field,2023-04-07,0.03649637589600987
ref_field,2023-04-07,0.13231220905526977
cover_field,2023-04-09,0.13731593721276478
ref_field,2023-04-09,0.11958301039772187
cover_field,2023-04-22,-0.03285267964681629
ref_field,2023-04-22,-0.02826192719038832
cover_field,2023-04-29,0.27799056877039274
ref_field,2023-04-29,0.1562113111618089
cover_field,2023-05-02,0.30998626933261275
ref_field,2023-05-02,0.1521818341265648
cover_field,2023-05-04,0.3401525161579825
ref_field,2023-05-04,0.1543658975067691
cover_field,2023-05-14,0.4813883064575276
ref_field,2023-05-14,0.17925330908031498
cover_field,2023-05-17,0.1726487367263887
ref_field,2023-05-17,0.07718187146732153
cover_field,2023-05-19,0.49113057123597764
ref_field,2023-05-19,0.20451341724515554
cover_field,2023-05-22,0.37507764715924957
ref_field,2023-05-22,0.16164473588350622
cover_field,2023-05-24,0.5304892249490453
ref_field,2023-05-24,0.19622739449389934
cover_field,2023-06-01,0.5935341045832084
ref_field,2023-06-01,0.28869920737036775
cover_field,2023-06-06,0.5307743566454317
ref_field,2023-06-06,0.3422241819161554
cover_field,2023-06-11,0.5433924130216921
ref_field,2023-06-11,0.49789477129584453
cover_field,2023-06-13,0.5058888461767921
ref_field,2023-06-13,0.5194692131530538
cover_field,2023-06-16,0.4908502681750391
ref_field,2023-06-16,0.5892460462446102
cover_field,2023-06-21,0.4320982604151286
ref_field,2023-06-21,0.654970265561408
cover_field,2023-06-23,0.40915998734503706
ref_field,2023-06-23,0.6844458135744076
cover_field,2023-06-28,0.2512215651614675
ref_field,2023-06-28,0.6095952208566731
cover_field,2023-07-01,0.2744133231907076
ref_field,2023-07-01,0.6320284562154663
cover_field,2023-07-03,0.273260790248559
ref_field,2023-07-03,0.6026198094265001
cover_field,2023-07-06,0.2599253808737842
ref_field,2023-07-06,0.6255745290304354
cover_field,2023-07-08,0.22998865544310962
ref_field,2023-07-08,0.5525880184417438
cover_field,2023-07-13,0.21887433732469386
ref_field,2023-07-13,0.4242220922512941
cover_field,2023-07-18,0.22620111732285295
ref_field,2023-07-18,0.43539477518078834
cover_field,2023-07-21,0.23742788831676648
ref_field,2023-07-21,0.4255152597713508
cover_field,2023-07-23,0.20537687075614366
ref_field,2023-07-23,0.38849692647612516
cover_field,2023-07-26,0.20153140898397245
ref_field,2023-07-26,0.3569050390934281
cover_field,2023-07-28,0.1488916627841786
ref_field,2023-07-28,0.24661215689733698
cover_field,2023-07-31,0.19455681982372292
ref_field,2023-07-31,0.3419041968320738
cover_field,2023-08-02,0.19314519169379465
ref_field,2023-08-02,0.31215519652256507
cover_field,2023-08-05,0.062741006013562
cover_field,2023-08-07,0.19356752161156537
ref_field,2023-08-07,0.2717260797564129
cover_field,2023-08-15,0.17830466891589883
ref_field,2023-08-15,0.24151537633755524
cover_field,2023-08-27,0.17870679463127154
ref_field,2023-08-27,0.21425694654993285
cover_field,2023-09-01,0.16319881238916129
ref_field,2023-09-01,0.19570721689674012
cover_field,2023-09-06,0.20180285340529094
ref_field,2023-09-06,0.22931872020271704
cover_field,2023-09-11,0.17928669702506642
ref_field,2023-09-11,0.18802448361356405
cover_field,2023-09-16,0.18474261611480847
ref_field,2023-09-16,0.1942497831028254
cover_field,2023-09-19,0.19076155370518633
ref_field,2023-09-19,0.20016398831875976
cover_field,2023-09-21,0.18727907376190844
cover_field,2023-09-24,0.17833917734347665
ref_field,2023-09-24,0.17162817440091016
cover_field,2023-09-26,0.1870211909086264
ref_field,2023-09-26,0.1796501778420242
cover_field,2023-10-04,0.19544746596304868
ref_field,2023-10-04,0.16667020992006315
cover_field,2023-10-06,0.20508617475836355
ref_field,2023-10-06,0.17989932169674688
cover_field,2023-10-09,0.20311581071821233
ref_field,2023-10-09,0.18051881641883216
cover_field,2023-10-11,0.16880116249905927
ref_field,2023-10-11,0.15841325105149562
cover_field,2023-10-14,0.20618714212405193
ref_field,2023-10-14,0.1582540481313033
cover_field,2023-10-16,0.19810153189983676
ref_field,2023-10-16,0.1722931173111504
cover_field,2023-10-19,0.17490044194066842
ref_field,2023-10-19,0.16205378778248036
cover_field,2023-10-21,0.15928686724614807
ref_field,2023-10-21,0.13719804382546194
cover_field,2023-11-10,0.231540478259687
ref_field,2023-11-10,0.1730148355611766
cover_field,2023-11-15,0.19599815285335173
ref_field,2023-11-15,0.1607979681534458
cover_field,2023-11-18,-0.029217070675747785
ref_field,2023-11-18,-0.020524399600022766
cover_field,2023-11-20,0.052354373482735715
ref_field,2023-11-20,0.07628352185018258
cover_field,2023-11-23,0.1525653679113313
ref_field,2023-11-23,0.14691570225433076
cover_field,2023-11-28,0.03388722229281854
ref_field,2023-11-28,0.06796303068484959
cover_field,2023-12-03,0.13890557359521694
ref_field,2023-12-03,0.14530285617435904
cover_field,2023-12-10,0.06210055585932639
ref_field,2023-12-10,0.06398690718522165
cover_field,2023-12-13,0.20427382576936678
ref_field,2023-12-13,0.15490092424583982
cover_field,2023-12-20,0.1888868070498539
ref_field,2023-12-20,0.14572284464073043
cover_field,2023-12-23,0.19151205626781737
ref_field,2023-12-23,0.15757822290315104
cover_field,2023-12-25,0.21261336458120783
ref_field,2023-12-25,0.1691388190251932
cover_field,2023-12-28,0.2030736069858782
ref_field,2023-12-28,0.16439132553541508
cover_field,2023-12-30,0.20590305985414561
ref_field,2023-12-30,0.16740088705664935
cover_field,2024-01-24,0.018956145703933402
ref_field,2024-01-24,0.008466035234594755
cover_field,2024-01-29,0.2174313701725861
ref_field,2024-01-29,0.18219407744631663
cover_field,2024-02-01,0.21586689320896524
ref_field,2024-02-01,0.1757864801834709
cover_field,2024-02-11,-0.016430548685189263
ref_field,2024-02-11,-0.011940906118712373
cover_field,2024-02-16,-0.010939446504822155
ref_field,2024-02-16,-0.006911657160468618
cover_field,2024-02-21,-0.0471079535524162
ref_field,2024-02-21,-0.04344919388891509
cover_field,2024-02-23,-0.0547966180621037
ref_field,2024-02-23,-0.050984677060666075
cover_field,2024-03-04,0.018863972028534442
ref_field,2024-03-04,0.0220033337280875
cover_field,2024-03-09,-0.0065550905812870475
ref_field,2024-03-09,-0.004749394976001629
cover_field,2024-03-17,0.20670099369543657
ref_field,2024-03-17,0.16160695772687117
cover_field,2024-03-22,0.02411107706266127
ref_field,2024-03-22,0.031411456444701454
cover_field,2024-03-27,0.10251679288256522
ref_field,2024-03-27,0.13680835435911468
cover_field,2024-04-01,0.15982048360336704
ref_field,2024-04-01,0.14684730617884262
cover_field,2024-04-03,0.2087848432678179
ref_field,2024-04-03,0.14298227088698912
cover_field,2024-04-11,0.24449621616129483
ref_field,2024-04-11,0.15380143836787127
cover_field,2024-04-13,0.24795073423072622
ref_field,2024-04-13,0.149048947462207
cover_field,2024-04-16,0.27358886560381124
ref_field,2024-04-16,0.14808668336575043
cover_field,2024-04-23,0.30402746247177104
ref_field,2024-04-23,0.17015829181940084
cover_field,2024-04-26,0.30501703522002066
ref_field,2024-04-26,0.15961044833155835
cover_field,2024-05-11,0.3787183104251998
ref_field,2024-05-11,0.18383344045778718
cover_field,2024-05-13,0.4141471603069286
ref_field,2024-05-13,0.20282411211253829
cover_field,2024-05-18,0.4252970899952161
ref_field,2024-05-18,0.216771624259881
cover_field,2024-05-28,0.23781726691317623
ref_field,2024-05-28,0.16027873136867685
cover_field,2024-05-31,0.2428501917898688
ref_field,2024-05-31,0.16656383785389553
cover_field,2024-06-05,0.3704943100176188
ref_field,2024-06-05,0.4337887219045193
cover_field,2024-06-07,0.31111677681573213
ref_field,2024-06-07,0.2884763465910124
cover_field,2024-06-12,0.3218671977071039
ref_field,2024-06-12,0.3588256579054698
cover_field,2024-06-20,0.38720862236364584
ref_field,2024-06-20,0.5632598186652971
cover_field,2024-06-22,0.42330432412646735
ref_field,2024-06-22,0.6516962155577535
cover_field,2024-06-30,0.37433953718827834
ref_field,2024-06-30,0.49287235648257377
cover_field,2024-07-07,0.5629950817154755
ref_field,2024-07-07,0.7306943235276929
cover_field,2024-07-10,0.5377943481374242
ref_field,2024-07-10,0.7105183139271231
cover_field,2024-07-12,0.48673342838266825
ref_field,2024-07-12,0.6522934356724199
cover_field,2024-07-15,0.49321366865414806
ref_field,2024-07-15,0.6173625410574347
cover_field,2024-07-17,0.45091585441023363
ref_field,2024-07-17,0.5547939510450409
cover_field,2024-07-20,0.43889356721054096
ref_field,2024-07-20,0.514671578988145
cover_field,2024-07-22,0.3659143472682986
ref_field,2024-07-22,0.38338267032628587
cover_field,2024-07-27,0.36709858437625625
ref_field,2024-07-27,0.39428429247176033
cover_field,2024-08-01,0.3271603514698148
ref_field,2024-08-01,0.3460460401554026
ref_field,2024-08-06,0.30899193395746455
cover_field,2024-08-09,0.33156168682610676
ref_field,2024-08-09,0.30875727450092266
cover_field,2024-08-11,0.30405731961598936
ref_field,2024-08-11,0.27245529990572037
cover_field,2024-08-16,0.2688345242317443
ref_field,2024-08-16,0.24934326562918785
cover_field,2024-08-24,0.25622410243144406
ref_field,2024-08-24,0.20097353691018663
ref_field,2024-08-29,0.22206180514489035
cover_field,2024-08-31,0.22424380932607893
ref_field,2024-08-31,0.19075455248123216
cover_field,2024-09-05,0.23638970439917262
ref_field,2024-09-05,0.19416231103744858
cover_field,2024-09-08,0.21252972518574884
ref_field,2024-09-08,0.18276352057582856
cover_field,2024-09-10,0.1707760863954969
ref_field,2024-09-10,0.13742701847557365
cover_field,2024-09-15,0.18467058756876967
ref_field,2024-09-15,0.12880974162362666
cover_field,2024-09-18,0.16700085086482708
ref_field,2024-09-18,0.1550577185547395
cover_field,2024-09-23,0.19245552026382323
ref_field,2024-09-23,0.1762213890674706
cover_field,2024-09-25,0.18439055381520147
ref_field,2024-09-25,0.17184786974945135
cover_field,2024-09-28,0.1851153555481558
ref_field,2024-09-28,0.1759736596444806
cover_field,2024-10-03,0.1922888419734612
ref_field,2024-10-03,0.18485367470271094
cover_field,2024-10-05,0.19090186220912259
ref_field,2024-10-05,0.18148946299625573
cover_field,2024-10-08,0.1858205691595291
ref_field,2024-10-08,0.17812732305796508
cover_field,2024-10-10,0.16980512468590198
ref_field,2024-10-10,0.16564116719944078
cover_field,2024-10-18,0.17029742957343816
ref_field,2024-10-18,0.12954891623251852
cover_field,2024-10-20,0.14664674033698963
ref_field,2024-10-20,0.15790720523871485
cover_field,2024-10-25,0.18739175106792794
ref_field,2024-10-25,0.17553325833733188
cover_field,2024-10-28,0.17283407927155134
ref_field,2024-10-28,0.1587358187311449
cover_field,2024-10-30,0.18635728988032071
ref_field,2024-10-30,0.17304544572975453
cover_field,2024-11-04,0.19260988285815495
ref_field,2024-11-04,0.18161354898992513
cover_field,2024-11-07,0.055919418577988426
ref_field,2024-11-07,0.0683544940069561
cover_field,2024-11-09,0.18068609648890332
ref_field,2024-11-09,0.15884555673769918
cover_field,2024-11-24,-0.023797061297330165
ref_field,2024-11-24,-0.026395086316126103
cover_field,2024-11-29,0.004768865520511298
ref_field,2024-11-29,0.0069323892207439055
cover_field,2024-12-04,-0.029684852919955852
ref_field,2024-12-04,-0.028170120902411458
cover_field,2024-12-19,-0.009629348181807437
ref_field,2024-12-19,-0.00613636192866904
cover_field,2024-12-29,-0.027881110808758887
ref_field,2024-12-29,-0.025650729296165572
cover_field,2025-01-01,-0.026293328285714644
ref_field,2025-01-01,-0.01757916663499546
cover_field,2025-01-03,-0.0013495788745400501
ref_field,2025-01-03,0.0014524090380778575
cover_field,2025-01-26,-0.023846920349852585
ref_field,2025-01-26,-0.008886428975324748
cover_field,2025-02-15,0.004438562550922927
ref_field,2025-02-15,0.0012712932414482385
cover_field,2025-02-20,-0.002425946479077923
ref_field,2025-02-20,-0.005884724878847001
cover_field,2025-03-02,0.11136130472478381
ref_field,2025-03-02,0.10032624537427628
cover_field,2025-03-07,0.08993903984486415
ref_field,2025-03-07,0.11151384494352752
cover_field,2025-03-19,0.06488540407619675
ref_field,2025-03-19,0.12649622037905012
cover_field,2025-04-05,0.1900429874070893
ref_field,2025-04-05,0.15374561190048777
cover_field,2025-04-06,0.19586268136429663
ref_field,2025-04-06,0.1531116928590355
cover_field,2025-04-23,0.2665831739391841
ref_field,2025-04-23,0.09068671655246958
cover_field,2025-04-25,0.17720144419951905
ref_field,2025-04-25,0.16251942605010908
cover_field,2025-04-28,0.27907275208221494
ref_field,2025-04-28,0.17123587679809388
cover_field,2025-05-03,0.28798199956247383
ref_field,2025-05-03,0.16381083955071393
cover_field,2025-05-06,0.2963299935777442
ref_field,2025-05-06,0.1828504759366054
cover_field,2025-05-13,0.2809172067630106
ref_field,2025-05-13,0.13855627779678412
cover_field,2025-05-16,0.29382103727375253
ref_field,2025-05-16,0.2642132855590491
cover_field,2025-05-26,0.33350918976040467
ref_field,2025-05-26,0.21813952819815696
cover_field,2025-05-28,0.3335675994744239
ref_field,2025-05-28,0.2095849219399078
cover_field,2025-05-28,0.341929440948672
ref_field,2025-05-28,0.21323287606842228
cover_field,2025-05-31,0.324252737281672
ref_field,2025-05-31,0.24498505680112703
cover_field,2025-06-04,0.30078091709007265
ref_field,2025-06-04,0.2623806731330697
cover_field,2025-06-10,0.35404294471122977
ref_field,2025-06-10,0.29907277204577026
cover_field,2025-06-17,0.3777908063030744
ref_field,2025-06-17,0.3453680516939166
cover_field,2025-06-17,0.40259357802354695
ref_field,2025-06-17,0.3763093123519938
cover_field,2025-06-24,0.41633132048629234
ref_field,2025-06-24,0.46736899681720717
cover_field,2025-06-25,0.4302044727583182
ref_field,2025-06-25,0.5106262754219418
cover_field,2025-06-30,0.39960401599771156
ref_field,2025-06-30,0.5271277360090394
cover_field,2025-07-02,0.37040139761880125
ref_field,2025-07-02,0.5214769354822043
cover_field,2025-07-10,0.2960186440880074
ref_field,2025-07-10,0.5075989520271582
ref_field,2025-07-17,0.6931678368691209
cover_field,2025-07-25,0.315737843822618
ref_field,2025-07-25,0.5945342232273831
cover_field,2025-07-30,0.3814855356412446
ref_field,2025-07-30,0.6313992337891462
cover_field,2025-08-01,0.36775682182675945
ref_field,2025-08-01,0.5845520466570132
cover_field,2025-08-06,0.4930188874223966
ref_field,2025-08-06,0.6479403173093733
cover_field,2025-08-14,0.5357250258588023
ref_field,2025-08-14,0.6422537586160737
cover_field,2025-08-14,0.5267640563604317
ref_field,2025-08-14,0.6300216511814928
cover_field,2025-08-16,0.5285812590814118
ref_field,2025-08-16,0.6227967913963598
cover_field,2025-08-16,0.5219977836520212
ref_field,2025-08-16,0.6193714627270556
cover_field,2025-08-19,0.7217618547785783
cover_field,2025-08-21,0.5013678477464214
ref_field,2025-08-21,0.5571388312054557
cover_field,2025-08-24,0.5082517242653952
ref_field,2025-08-24,0.5749224266963434
cover_field,2025-08-26,0.46762044874411196
ref_field,2025-08-26,0.5178259917739073
cover_field,2025-08-31,0.3429877629393553
ref_field,2025-08-31,0.3705583259830287
cover_field,2025-09-18,0.34933770438864203
ref_field,2025-09-18,0.2432541077177339
cover_field,2025-09-20,0.30210065106908457
ref_field,2025-09-20,0.22041562672549622
cover_field,2025-09-25,0.280388179168207
ref_field,2025-09-25,0.2172857796057906
cover_field,2025-09-25,0.276000387717334
ref_field,2025-09-25,0.21175295087612067
cover_field,2025-09-28,0.2695727975241863
ref_field,2025-09-28,0.2052776227111644
cover_field,2025-09-30,0.2565045856057298
ref_field,2025-09-30,0.2018852101805292
cover_field,2025-10-02,0.2606798640288848
ref_field,2025-10-02,0.21596558233471463
cover_field,2025-10-05,0.2609214972171646
ref_field,2025-10-05,0.22594856372352012
cover_field,2025-10-05,0.2684664376762793
ref_field,2025-10-05,0.20891731206273756
cover_field,2025-10-08,0.256008273074492
ref_field,2025-10-08,0.21015382970183152
cover_field,2025-10-10,0.21069919965397993
ref_field,2025-10-10,0.1987249790050479
cover_field,2025-10-22,0.24498585472465767
ref_field,2025-10-22,0.19244463468698683
cover_field,2025-10-23,0.24332554741833312
ref_field,2025-10-23,0.19206376468765532
cover_field,2025-10-28,0.24483851369503098
ref_field,2025-10-28,0.18808310476997767
cover_field,2025-11-02,0.24944949905403138
ref_field,2025-11-02,0.19720588311638412
cover_field,2025-11-12,0.22475766929359417
ref_field,2025-11-12,0.18262079075577406
cover_field,2025-11-27,0.003862881411765826
ref_field,2025-11-27,0.0020880817666358684
